<?xml version="1.0"?>
<ROWDATA>
<ROW  _RTime="393.090" _ATime="12/10/2020 13:59:34" Channel="Plugin" Desc="Druck" Pressure="100.5112" PressureU="kPa_a"  />
<ROW  _RTime="1000.000" _ATime="12/10/2020 13:59:35" Channel="LSE" Desc="Optical" RotSpeed="0.0" RotSpeedU="rpm" />
<ROW  _RTime="1349.120" _ATime="12/10/2020 13:59:36" Channel="Plugin" Desc="Druck" Pressure="100.5152" PressureU="kPa_a"  />
<ROW  _RTime="1584.100" _ATime="12/10/2020 13:59:36" Channel="2-RF 433.92MHz" Desc="A172_USER1" Hex="3010B6402691014401FB[0MMM]" Customer_ID="0C" AnglePosition="0" ID="10B64026" FunctionCode="9" AngleSyncStatus="0" LowBatteryFlag="0" FrameNumber="1" Pressure="100.6870" PressureU="kPa" Temperature="18.0000" TemperatureU="degC" Acceleration="0.5000" AccelerationU="g" CKS="FB" CKSCalc="FB" CKSGood="1" CAngle="61.9" CAngleU="deg" CSpeed="17.7" CSpeedU="rpm" ASpeed="0.0" ASpeedU="rpm" Rotation="-"  />
<ROW  _RTime="1689.760" _ATime="12/10/2020 13:59:36" Channel="2-RF 433.92MHz" Desc="A172_USER1" Hex="3010B6402692014401C1[0MMM]" Customer_ID="0C" AnglePosition="0" ID="10B64026" FunctionCode="9" AngleSyncStatus="0" LowBatteryFlag="0" FrameNumber="2" Pressure="100.6870" PressureU="kPa" Temperature="18.0000" TemperatureU="degC" Acceleration="0.5000" AccelerationU="g" CKS="C1" CKSCalc="C1" CKSGood="1" CAngle="72.5" CAngleU="deg" CSpeed="17.7" CSpeedU="rpm" ASpeed="0.0" ASpeedU="rpm" Rotation="-"  />
<ROW  _RTime="1807.330" _ATime="12/10/2020 13:59:36" Channel="2-RF 433.92MHz" Desc="A172_USER1" Hex="3010B6402693014401D7[0MMM]" Customer_ID="0C" AnglePosition="0" ID="10B64026" FunctionCode="9" AngleSyncStatus="0" LowBatteryFlag="0" FrameNumber="3" Pressure="100.6870" PressureU="kPa" Temperature="18.0000" TemperatureU="degC" Acceleration="0.5000" AccelerationU="g" CKS="D7" CKSCalc="D7" CKSGood="1" CAngle="84.5" CAngleU="deg" CSpeed="17.6" CSpeedU="rpm" ASpeed="0.0" ASpeedU="rpm" Rotation="-"  />
<ROW  _RTime="1936.990" _ATime="12/10/2020 13:59:36" Channel="2-RF 433.92MHz" Desc="A172_USER1" Hex="3010B6402690014401ED[0]" Customer_ID="0C" AnglePosition="0" ID="10B64026" FunctionCode="9" AngleSyncStatus="0" LowBatteryFlag="0" FrameNumber="0" Pressure="100.6870" PressureU="kPa" Temperature="18.0000" TemperatureU="degC" Acceleration="0.5000" AccelerationU="g" CKS="ED" CKSCalc="ED" CKSGood="1" CAngle="98.4" CAngleU="deg" CSpeed="19.0" CSpeedU="rpm" ASpeed="0.0" ASpeedU="rpm" Rotation="-"  />
<ROW  _RTime="2000.000" _ATime="12/10/2020 13:59:36" Channel="LSE" Desc="Optical" RotSpeed="0.0" RotSpeedU="rpm" />
<ROW  _RTime="2135.560" _ATime="12/10/2020 13:59:36" Channel="2-RF 433.92MHz" Desc="A172_USER1" Hex="3010B6402691014401FB[0MMM]" Customer_ID="0C" AnglePosition="0" ID="10B64026" FunctionCode="9" AngleSyncStatus="0" LowBatteryFlag="0" FrameNumber="1" Pressure="100.6870" PressureU="kPa" Temperature="18.0000" TemperatureU="degC" Acceleration="0.5000" AccelerationU="g" CKS="FB" CKSCalc="FB" CKSGood="1" CAngle="123.3" CAngleU="deg" CSpeed="0.0" CSpeedU="rpm" ASpeed="0.0" ASpeedU="rpm" Rotation="-"  />
<ROW  _RTime="2253.200" _ATime="12/10/2020 13:59:36" Channel="2-RF 433.92MHz" Desc="A172_USER1" Hex="3010B6402692014401C1[0]" Customer_ID="0C" AnglePosition="0" ID="10B64026" FunctionCode="9" AngleSyncStatus="0" LowBatteryFlag="0" FrameNumber="2" Pressure="100.6870" PressureU="kPa" Temperature="18.0000" TemperatureU="degC" Acceleration="0.5000" AccelerationU="g" CKS="C1" CKSCalc="C1" CKSGood="1" CAngle="137.9" CAngleU="deg" CSpeed="0.0" CSpeedU="rpm" ASpeed="0.0" ASpeedU="rpm" Rotation="-"  />
<ROW  _RTime="2382.840" _ATime="12/10/2020 13:59:36" Channel="2-RF 433.92MHz" Desc="A172_USER1" Hex="3010B6402693014401D7[0]" Customer_ID="0C" AnglePosition="0" ID="10B64026" FunctionCode="9" AngleSyncStatus="0" LowBatteryFlag="0" FrameNumber="3" Pressure="100.6870" PressureU="kPa" Temperature="18.0000" TemperatureU="degC" Acceleration="0.5000" AccelerationU="g" CKS="D7" CKSCalc="D7" CKSGood="1" CAngle="153.6" CAngleU="deg" CSpeed="0.0" CSpeedU="rpm" ASpeed="0.0" ASpeedU="rpm" Rotation="-"  />
<ROW  _RTime="2455.330" _ATime="12/10/2020 13:59:36" Channel="2-RF 433.92MHz" Desc="A172_USER1" Hex="3010B6402891014301C2[0]" Customer_ID="0C" AnglePosition="0" ID="10B64028" FunctionCode="9" AngleSyncStatus="0" LowBatteryFlag="0" FrameNumber="1" Pressure="100.6870" PressureU="kPa" Temperature="17.0000" TemperatureU="degC" Acceleration="0.5000" AccelerationU="g" CKS="C2" CKSCalc="C2" CKSGood="1" CAngle="162.2" CAngleU="deg" CSpeed="0.0" CSpeedU="rpm" ASpeed="0.0" ASpeedU="rpm" Rotation="-"  />
<ROW  _RTime="2488.490" _ATime="12/10/2020 13:59:36" Channel="2-RF 433.92MHz" Desc="A172_USER1" Hex="3010B6402690014401ED[0]" Customer_ID="0C" AnglePosition="0" ID="10B64026" FunctionCode="9" AngleSyncStatus="0" LowBatteryFlag="0" FrameNumber="0" Pressure="100.6870" PressureU="kPa" Temperature="18.0000" TemperatureU="degC" Acceleration="0.5000" AccelerationU="g" CKS="ED" CKSCalc="ED" CKSGood="1" CAngle="166.1" CAngleU="deg" CSpeed="0.0" CSpeedU="rpm" ASpeed="0.0" ASpeedU="rpm" Rotation="-"  />
<ROW  _RTime="2509.170" _ATime="12/10/2020 13:59:37" Channel="Plugin" Desc="Druck" Pressure="100.5136" PressureU="kPa_a"  />
<ROW  _RTime="2560.950" _ATime="12/10/2020 13:59:37" Channel="2-RF 433.92MHz" Desc="A172_USER1" Hex="3010B6402892014301F8[0MM]" Customer_ID="0C" AnglePosition="0" ID="10B64028" FunctionCode="9" AngleSyncStatus="0" LowBatteryFlag="0" FrameNumber="2" Pressure="100.6870" PressureU="kPa" Temperature="17.0000" TemperatureU="degC" Acceleration="0.5000" AccelerationU="g" CKS="F8" CKSCalc="F8" CKSGood="1" CAngle="174.3" CAngleU="deg" CSpeed="0.0" CSpeedU="rpm" ASpeed="0.0" ASpeedU="rpm" Rotation="-"  />
<ROW  _RTime="2678.610" _ATime="12/10/2020 13:59:37" Channel="2-RF 433.92MHz" Desc="A172_USER1" Hex="3010B6402893014301EE[0MMM]" Customer_ID="0C" AnglePosition="0" ID="10B64028" FunctionCode="9" AngleSyncStatus="0" LowBatteryFlag="0" FrameNumber="3" Pressure="100.6870" PressureU="kPa" Temperature="17.0000" TemperatureU="degC" Acceleration="0.5000" AccelerationU="g" CKS="EE" CKSCalc="EE" CKSGood="1" CAngle="185.3" CAngleU="deg" CSpeed="0.0" CSpeedU="rpm" ASpeed="0.0" ASpeedU="rpm" Rotation="-"  />
<ROW  _RTime="2808.290" _ATime="12/10/2020 13:59:37" Channel="2-RF 433.92MHz" Desc="A172_USER1" Hex="3010B6402890014301D4[0]" Customer_ID="0C" AnglePosition="0" ID="10B64028" FunctionCode="9" AngleSyncStatus="0" LowBatteryFlag="0" FrameNumber="0" Pressure="100.6870" PressureU="kPa" Temperature="17.0000" TemperatureU="degC" Acceleration="0.5000" AccelerationU="g" CKS="D4" CKSCalc="D4" CKSGood="1" CAngle="193.3" CAngleU="deg" CSpeed="0.0" CSpeedU="rpm" ASpeed="0.0" ASpeedU="rpm" Rotation="-"  />
<ROW  _RTime="3000.000" _ATime="12/10/2020 13:59:37" Channel="LSE" Desc="Optical" RotSpeed="0.0" RotSpeedU="rpm" />
<ROW  _RTime="3491.840" _ATime="12/10/2020 13:59:38" Channel="Plugin" Desc="Druck" Pressure="100.5146" PressureU="kPa_a"  />
<ROW  _RTime="4000.000" _ATime="12/10/2020 13:59:38" Channel="LSE" Desc="Optical" RotSpeed="0.0" RotSpeedU="rpm" />
<ROW  _RTime="4444.160" _ATime="12/10/2020 13:59:39" Channel="Plugin" Desc="Druck" Pressure="100.5122" PressureU="kPa_a"  />
<ROW  _RTime="5000.000" _ATime="12/10/2020 13:59:39" Channel="LSE" Desc="Optical" RotSpeed="0.0" RotSpeedU="rpm" />
<ROW  _RTime="5475.840" _ATime="12/10/2020 13:59:40" Channel="Plugin" Desc="Druck" Pressure="100.5149" PressureU="kPa_a"  />
<ROW  _RTime="6000.000" _ATime="12/10/2020 13:59:40" Channel="LSE" Desc="Optical" RotSpeed="0.0" RotSpeedU="rpm" />
<ROW  _RTime="6536.850" _ATime="12/10/2020 13:59:41" Channel="Plugin" Desc="Druck" Pressure="100.5134" PressureU="kPa_a"  />
<ROW  _RTime="7000.000" _ATime="12/10/2020 13:59:41" Channel="LSE" Desc="Optical" RotSpeed="0.0" RotSpeedU="rpm" />
</ROWDATA>
