<?xml version="1.0"?>
<ROWDATA>
<ROW  _RTime="793.600" _ATime="11/09/2020 17:42:54" Channel="Plugin" Desc="Druck" Pressure="99.52660" PressureU="kPa_a"  />
<ROW  _RTime="1000.000" _ATime="11/09/2020 17:42:54" Channel="LSE" Desc="Optical" RotSpeed="0.0" RotSpeedU="rpm" />
<ROW  _RTime="1825.280" _ATime="11/09/2020 17:42:55" Channel="Plugin" Desc="Druck" Pressure="99.52570" PressureU="kPa_a"  />
<ROW  _RTime="2000.000" _ATime="11/09/2020 17:42:55" Channel="LSE" Desc="Optical" RotSpeed="0.0" RotSpeedU="rpm" />
<ROW  _RTime="2936.320" _ATime="11/09/2020 17:42:56" Channel="Plugin" Desc="Druck" Pressure="99.52600" PressureU="kPa_a"  />
<ROW  _RTime="3000.000" _ATime="11/09/2020 17:42:56" Channel="LSE" Desc="Optical" RotSpeed="198.1" RotSpeedU="rpm" />
<ROW  _RTime="3908.090" _ATime="11/09/2020 17:42:57" Channel="2-RF 433.92MHz" Desc="TG1C G3 HMC standard" Hex="4010B6405601014A151B[0MM1]" Customer_ID="10" Angle_position="0" ID="10B64056" Function_code="0" Angle_detection="0" Batterystatus="0" Frame_number="1" Pressure="100.0000" PressureU="kPa" Temperature="24.0000" TemperatureU="degC" Acceleration="10.5000" AccelerationU="g" CKS="1B" CKSCalc="1B" CKSGood="1" CAngle="73.8" CAngleU="deg" CSpeed="254.2" CSpeedU="rpm" ASpeed="246.7" ASpeedU="rpm" Rotation="-"  />
<ROW  _RTime="3973.220" _ATime="11/09/2020 17:42:57" Channel="Plugin" Desc="Druck" Pressure="99.52510" PressureU="kPa_a"  />
<ROW  _RTime="4000.000" _ATime="11/09/2020 17:42:57" Channel="LSE" Desc="Optical" RotSpeed="246.7" RotSpeedU="rpm" />
<ROW  _RTime="4013.810" _ATime="11/09/2020 17:42:57" Channel="2-RF 433.92MHz" Desc="TG1C G3 HMC standard" Hex="4010B6405602014A1521[0MM0]" Customer_ID="10" Angle_position="0" ID="10B64056" Function_code="0" Angle_detection="0" Batterystatus="0" Frame_number="2" Pressure="100.0000" PressureU="kPa" Temperature="24.0000" TemperatureU="degC" Acceleration="10.5000" AccelerationU="g" CKS="21" CKSCalc="21" CKSGood="1" CAngle="236.6" CAngleU="deg" CSpeed="258.6" CSpeedU="rpm" ASpeed="246.7" ASpeedU="rpm" Rotation="-"  />
<ROW  _RTime="4131.500" _ATime="11/09/2020 17:42:57" Channel="2-RF 433.92MHz" Desc="TG1C G3 HMC standard" Hex="4010B6405603014A1537[0MM0]" Customer_ID="10" Angle_position="0" ID="10B64056" Function_code="0" Angle_detection="0" Batterystatus="0" Frame_number="3" Pressure="100.0000" PressureU="kPa" Temperature="24.0000" TemperatureU="degC" Acceleration="10.5000" AccelerationU="g" CKS="37" CKSCalc="37" CKSGood="1" CAngle="64.9" CAngleU="deg" CSpeed="275.2" CSpeedU="rpm" ASpeed="258.6" ASpeedU="rpm" Rotation="-"  />
<ROW  _RTime="4261.270" _ATime="11/09/2020 17:42:57" Channel="2-RF 433.92MHz" Desc="TG1C G3 HMC standard" Hex="4010B6405600014A150D[0MM0]" Customer_ID="10" Angle_position="0" ID="10B64056" Function_code="0" Angle_detection="0" Batterystatus="0" Frame_number="0" Pressure="100.0000" PressureU="kPa" Temperature="24.0000" TemperatureU="degC" Acceleration="10.5000" AccelerationU="g" CKS="0D" CKSCalc="0D" CKSGood="1" CAngle="285.6" CAngleU="deg" CSpeed="291.3" CSpeedU="rpm" ASpeed="258.6" ASpeedU="rpm" Rotation="-"  />
<ROW  _RTime="5000.000" _ATime="11/09/2020 17:42:58" Channel="LSE" Desc="Optical" RotSpeed="297.6" RotSpeedU="rpm" />
<ROW  _RTime="5079.040" _ATime="11/09/2020 17:42:58" Channel="Plugin" Desc="Druck" Pressure="99.52370" PressureU="kPa_a"  />
<ROW  _RTime="5289.310" _ATime="11/09/2020 17:42:58" Channel="2-RF 433.92MHz" Desc="TG1C G3 HMC standard" Hex="4010B6404801014A2CD4[0MMS][0]" Customer_ID="10" Angle_position="0" ID="10B64048" Function_code="0" Angle_detection="0" Batterystatus="0" Frame_number="1" Pressure="100.0000" PressureU="kPa" Temperature="24.0000" TemperatureU="degC" Acceleration="22.0000" AccelerationU="g" CKS="D4" CKSCalc="D4" CKSGood="1" CAngle="57.3" CAngleU="deg" CSpeed="344.8" CSpeedU="rpm" ASpeed="349.9" ASpeedU="rpm" Rotation="-"  />
<ROW  _RTime="5394.960" _ATime="11/09/2020 17:42:58" Channel="2-RF 433.92MHz" Desc="TG1C G3 HMC standard" Hex="4010B6404802014A2CEE[0MM0]" Customer_ID="10" Angle_position="0" ID="10B64048" Function_code="0" Angle_detection="0" Batterystatus="0" Frame_number="2" Pressure="100.0000" PressureU="kPa" Temperature="24.0000" TemperatureU="degC" Acceleration="22.0000" AccelerationU="g" CKS="EE" CKSCalc="EE" CKSGood="1" CAngle="272.8" CAngleU="deg" CSpeed="333.3" CSpeedU="rpm" ASpeed="349.9" ASpeedU="rpm" Rotation="-"  />
<ROW  _RTime="5512.910" _ATime="11/09/2020 17:42:58" Channel="2-RF 433.92MHz" Desc="TG1C G3 HMC standard" Hex="4010B6404803014A2CF8[0MM0][00]" Customer_ID="10" Angle_position="0" ID="10B64048" Function_code="0" Angle_detection="0" Batterystatus="0" Frame_number="3" Pressure="100.0000" PressureU="kPa" Temperature="24.0000" TemperatureU="degC" Acceleration="22.0000" AccelerationU="g" CKS="F8" CKSCalc="F8" CKSGood="1" CAngle="147.6" CAngleU="deg" CSpeed="333.3" CSpeedU="rpm" ASpeed="339.2" ASpeedU="rpm" Rotation="-"  />
<ROW  _RTime="5642.350" _ATime="11/09/2020 17:42:58" Channel="2-RF 433.92MHz" Desc="TG1C G3 HMC standard" Hex="4010B6404800014A2CC2[0MMM]" Customer_ID="10" Angle_position="0" ID="10B64048" Function_code="0" Angle_detection="0" Batterystatus="0" Frame_number="0" Pressure="100.0000" PressureU="kPa" Temperature="24.0000" TemperatureU="degC" Acceleration="22.0000" AccelerationU="g" CKS="C2" CKSCalc="C2" CKSGood="1" CAngle="50.5" CAngleU="deg" CSpeed="340.9" CSpeedU="rpm" ASpeed="335.0" ASpeedU="rpm" Rotation="-"  />
<ROW  _RTime="6000.000" _ATime="11/09/2020 17:42:59" Channel="LSE" Desc="Optical" RotSpeed="348.9" RotSpeedU="rpm" />
<ROW  _RTime="6110.720" _ATime="11/09/2020 17:42:59" Channel="Plugin" Desc="Druck" Pressure="99.52810" PressureU="kPa_a"  />
<ROW  _RTime="7000.000" _ATime="11/09/2020 17:43:00" Channel="LSE" Desc="Optical" RotSpeed="403.0" RotSpeedU="rpm" />
<ROW  _RTime="7142.400" _ATime="11/09/2020 17:43:00" Channel="Plugin" Desc="Druck" Pressure="99.52560" PressureU="kPa_a"  />
<ROW  _RTime="8000.000" _ATime="11/09/2020 17:43:01" Channel="LSE" Desc="Optical" RotSpeed="428.3" RotSpeedU="rpm" />
<ROW  _RTime="8174.080" _ATime="11/09/2020 17:43:01" Channel="Plugin" Desc="Druck" Pressure="99.52450" PressureU="kPa_a"  />
<ROW  _RTime="9000.000" _ATime="11/09/2020 17:43:02" Channel="LSE" Desc="Optical" RotSpeed="478.0" RotSpeedU="rpm" />
<ROW  _RTime="9187.540" _ATime="11/09/2020 17:43:02" Channel="Plugin" Desc="Druck" Pressure="99.52340" PressureU="kPa_a"  />
<ROW  _RTime="10000.000" _ATime="11/09/2020 17:43:03" Channel="LSE" Desc="Optical" RotSpeed="498.5" RotSpeedU="rpm" />
<ROW  _RTime="10237.440" _ATime="11/09/2020 17:43:03" Channel="Plugin" Desc="Druck" Pressure="99.52130" PressureU="kPa_a"  />
<ROW  _RTime="11000.000" _ATime="11/09/2020 17:43:04" Channel="LSE" Desc="Optical" RotSpeed="520.6" RotSpeedU="rpm" />
<ROW  _RTime="11348.480" _ATime="11/09/2020 17:43:04" Channel="Plugin" Desc="Druck" Pressure="99.52630" PressureU="kPa_a"  />
<ROW  _RTime="12000.000" _ATime="11/09/2020 17:43:05" Channel="LSE" Desc="Optical" RotSpeed="534.6" RotSpeedU="rpm" />
<ROW  _RTime="12380.160" _ATime="11/09/2020 17:43:05" Channel="Plugin" Desc="Druck" Pressure="99.52310" PressureU="kPa_a"  />
<ROW  _RTime="13000.000" _ATime="11/09/2020 17:43:06" Channel="LSE" Desc="Optical" RotSpeed="541.6" RotSpeedU="rpm" />
<ROW  _RTime="13173.760" _ATime="11/09/2020 17:43:06" Channel="Plugin" Desc="Druck" Pressure="99.52370" PressureU="kPa_a"  />
<ROW  _RTime="14000.000" _ATime="11/09/2020 17:43:07" Channel="LSE" Desc="Optical" RotSpeed="541.6" RotSpeedU="rpm" />
<ROW  _RTime="14443.520" _ATime="11/09/2020 17:43:07" Channel="Plugin" Desc="Druck" Pressure="99.52660" PressureU="kPa_a"  />
<ROW  _RTime="15000.000" _ATime="11/09/2020 17:43:08" Channel="LSE" Desc="Optical" RotSpeed="541.7" RotSpeedU="rpm" />
<ROW  _RTime="15475.200" _ATime="11/09/2020 17:43:08" Channel="Plugin" Desc="Druck" Pressure="99.52770" PressureU="kPa_a"  />
<ROW  _RTime="16000.000" _ATime="11/09/2020 17:43:09" Channel="LSE" Desc="Optical" RotSpeed="541.5" RotSpeedU="rpm" />
<ROW  _RTime="16586.240" _ATime="11/09/2020 17:43:09" Channel="Plugin" Desc="Druck" Pressure="99.52520" PressureU="kPa_a"  />
<ROW  _RTime="17000.000" _ATime="11/09/2020 17:43:10" Channel="LSE" Desc="Optical" RotSpeed="541.7" RotSpeedU="rpm" />
<ROW  _RTime="17617.920" _ATime="11/09/2020 17:43:10" Channel="Plugin" Desc="Druck" Pressure="99.52420" PressureU="kPa_a"  />
<ROW  _RTime="18000.000" _ATime="11/09/2020 17:43:11" Channel="LSE" Desc="Optical" RotSpeed="541.4" RotSpeedU="rpm" />
<ROW  _RTime="18618.420" _ATime="11/09/2020 17:43:11" Channel="Plugin" Desc="Druck" Pressure="99.52430" PressureU="kPa_a"  />
<ROW  _RTime="19000.000" _ATime="11/09/2020 17:43:12" Channel="LSE" Desc="Optical" RotSpeed="541.8" RotSpeedU="rpm" />
<ROW  _RTime="19480.520" _ATime="11/09/2020 17:43:12" Channel="2-RF 433.92MHz" Desc="TG1C G3 HMC standard" Hex="4110B6405609014A997F[0MM]" Customer_ID="10" Angle_position="1" ID="10B64056" Function_code="0" Angle_detection="1" Batterystatus="0" Frame_number="1" Pressure="100.0000" PressureU="kPa" Temperature="24.0000" TemperatureU="degC" Acceleration="76.5000" AccelerationU="g" CKS="7F" CKSCalc="7F" CKSGood="1" CAngle="38.6" CAngleU="deg" CSpeed="545.5" CSpeedU="rpm" ASpeed="541.6" ASpeedU="rpm" Rotation="-"  />
<ROW  _RTime="19586.300" _ATime="11/09/2020 17:43:12" Channel="2-RF 433.92MHz" Desc="TG1C G3 HMC standard" Hex="4110B640560A014A9945[0MM0]" Customer_ID="10" Angle_position="1" ID="10B64056" Function_code="0" Angle_detection="1" Batterystatus="0" Frame_number="2" Pressure="100.0000" PressureU="kPa" Temperature="24.0000" TemperatureU="degC" Acceleration="76.5000" AccelerationU="g" CKS="45" CKSCalc="45" CKSGood="1" CAngle="22.1" CAngleU="deg" CSpeed="545.5" CSpeedU="rpm" ASpeed="541.6" ASpeedU="rpm" Rotation="-"  />
<ROW  _RTime="19681.280" _ATime="11/09/2020 17:43:12" Channel="Plugin" Desc="Druck" Pressure="99.52430" PressureU="kPa_a"  />
<ROW  _RTime="19704.190" _ATime="11/09/2020 17:43:13" Channel="2-RF 433.92MHz" Desc="TG1C G3 HMC standard" Hex="4110B640560B014A9953[0MM1][S0]" Customer_ID="10" Angle_position="1" ID="10B64056" Function_code="0" Angle_detection="1" Batterystatus="0" Frame_number="3" Pressure="100.0000" PressureU="kPa" Temperature="24.0000" TemperatureU="degC" Acceleration="76.5000" AccelerationU="g" CKS="53" CKSCalc="53" CKSGood="1" CAngle="44.6" CAngleU="deg" CSpeed="535.7" CSpeedU="rpm" ASpeed="541.6" ASpeedU="rpm" Rotation="-"  />
<ROW  _RTime="19833.640" _ATime="11/09/2020 17:43:13" Channel="2-RF 433.92MHz" Desc="TG1C G3 HMC standard" Hex="4110B6405608014A9969[0MMM]" Customer_ID="10" Angle_position="1" ID="10B64056" Function_code="0" Angle_detection="1" Batterystatus="0" Frame_number="0" Pressure="100.0000" PressureU="kPa" Temperature="24.0000" TemperatureU="degC" Acceleration="76.5000" AccelerationU="g" CKS="69" CKSCalc="69" CKSGood="1" CAngle="106.1" CAngleU="deg" CSpeed="535.7" CSpeedU="rpm" ASpeed="541.7" ASpeedU="rpm" Rotation="-"  />
<ROW  _RTime="20000.000" _ATime="11/09/2020 17:43:13" Channel="LSE" Desc="Optical" RotSpeed="541.7" RotSpeedU="rpm" />
<ROW  _RTime="20712.960" _ATime="11/09/2020 17:43:14" Channel="Plugin" Desc="Druck" Pressure="99.52640" PressureU="kPa_a"  />
<ROW  _RTime="21000.000" _ATime="11/09/2020 17:43:14" Channel="LSE" Desc="Optical" RotSpeed="541.6" RotSpeedU="rpm" />
<ROW  _RTime="21089.600" _ATime="11/09/2020 17:43:14" Channel="2-RF 433.92MHz" Desc="TG1C G3 HMC standard" Hex="4110B6404809014A9632[0MM]" Customer_ID="10" Angle_position="1" ID="10B64048" Function_code="0" Angle_detection="1" Batterystatus="0" Frame_number="1" Pressure="100.0000" PressureU="kPa" Temperature="24.0000" TemperatureU="degC" Acceleration="75.0000" AccelerationU="g" CKS="32" CKSCalc="32" CKSGood="1" CAngle="221.7" CAngleU="deg" CSpeed="526.3" CSpeedU="rpm" ASpeed="538.9" ASpeedU="rpm" Rotation="-"  />
<ROW  _RTime="21195.360" _ATime="11/09/2020 17:43:14" Channel="2-RF 433.92MHz" Desc="TG1C G3 HMC standard" Hex="4110B640480A014A9608[0MM0]" Customer_ID="10" Angle_position="1" ID="10B64048" Function_code="0" Angle_detection="1" Batterystatus="0" Frame_number="2" Pressure="100.0000" PressureU="kPa" Temperature="24.0000" TemperatureU="degC" Acceleration="75.0000" AccelerationU="g" CKS="08" CKSCalc="08" CKSGood="1" CAngle="192.1" CAngleU="deg" CSpeed="517.2" CSpeedU="rpm" ASpeed="528.5" ASpeedU="rpm" Rotation="-"  />
<ROW  _RTime="21313.230" _ATime="11/09/2020 17:43:14" Channel="2-RF 433.92MHz" Desc="TG1C G3 HMC standard" Hex="4110B640480B014A961E[0MM0][0]" Customer_ID="10" Angle_position="1" ID="10B64048" Function_code="0" Angle_detection="1" Batterystatus="0" Frame_number="3" Pressure="100.0000" PressureU="kPa" Temperature="24.0000" TemperatureU="degC" Acceleration="75.0000" AccelerationU="g" CKS="1E" CKSCalc="1E" CKSGood="1" CAngle="193.0" CAngleU="deg" CSpeed="508.5" CSpeedU="rpm" ASpeed="515.9" ASpeedU="rpm" Rotation="-"  />
<ROW  _RTime="21442.820" _ATime="11/09/2020 17:43:14" Channel="2-RF 433.92MHz" Desc="TG1C G3 HMC standard" Hex="4110B6404808014A9624[0MM0]" Customer_ID="10" Angle_position="1" ID="10B64048" Function_code="0" Angle_detection="1" Batterystatus="0" Frame_number="0" Pressure="100.0000" PressureU="kPa" Temperature="24.0000" TemperatureU="degC" Acceleration="75.0000" AccelerationU="g" CKS="24" CKSCalc="24" CKSGood="1" CAngle="229.4" CAngleU="deg" CSpeed="508.5" CSpeedU="rpm" ASpeed="508.9" ASpeedU="rpm" Rotation="-"  />
<ROW  _RTime="21824.000" _ATime="11/09/2020 17:43:15" Channel="Plugin" Desc="Druck" Pressure="99.52430" PressureU="kPa_a"  />
<ROW  _RTime="22000.000" _ATime="11/09/2020 17:43:15" Channel="LSE" Desc="Optical" RotSpeed="508.6" RotSpeedU="rpm" />
<ROW  _RTime="22855.680" _ATime="11/09/2020 17:43:16" Channel="Plugin" Desc="Druck" Pressure="99.52450" PressureU="kPa_a"  />
<ROW  _RTime="23000.000" _ATime="11/09/2020 17:43:16" Channel="LSE" Desc="Optical" RotSpeed="475.7" RotSpeedU="rpm" />
<ROW  _RTime="23808.000" _ATime="11/09/2020 17:43:17" Channel="Plugin" Desc="Druck" Pressure="99.52540" PressureU="kPa_a"  />
<ROW  _RTime="24000.000" _ATime="11/09/2020 17:43:17" Channel="LSE" Desc="Optical" RotSpeed="435.7" RotSpeedU="rpm" />
<ROW  _RTime="24998.400" _ATime="11/09/2020 17:43:18" Channel="Plugin" Desc="Druck" Pressure="99.52740" PressureU="kPa_a"  />
<ROW  _RTime="25000.000" _ATime="11/09/2020 17:43:18" Channel="LSE" Desc="Optical" RotSpeed="390.8" RotSpeedU="rpm" />
<ROW  _RTime="26000.000" _ATime="11/09/2020 17:43:19" Channel="LSE" Desc="Optical" RotSpeed="358.5" RotSpeedU="rpm" />
<ROW  _RTime="26030.080" _ATime="11/09/2020 17:43:19" Channel="Plugin" Desc="Druck" Pressure="99.52380" PressureU="kPa_a"  />
<ROW  _RTime="26982.400" _ATime="11/09/2020 17:43:20" Channel="Plugin" Desc="Druck" Pressure="99.52330" PressureU="kPa_a"  />
<ROW  _RTime="27000.000" _ATime="11/09/2020 17:43:20" Channel="LSE" Desc="Optical" RotSpeed="314.4" RotSpeedU="rpm" />
<ROW  _RTime="28000.000" _ATime="11/09/2020 17:43:21" Channel="LSE" Desc="Optical" RotSpeed="274.1" RotSpeedU="rpm" />
<ROW  _RTime="28093.440" _ATime="11/09/2020 17:43:21" Channel="Plugin" Desc="Druck" Pressure="99.52330" PressureU="kPa_a"  />
<ROW  _RTime="29000.000" _ATime="11/09/2020 17:43:22" Channel="LSE" Desc="Optical" RotSpeed="222.9" RotSpeedU="rpm" />
<ROW  _RTime="29125.120" _ATime="11/09/2020 17:43:22" Channel="Plugin" Desc="Druck" Pressure="99.52620" PressureU="kPa_a"  />
<ROW  _RTime="30000.000" _ATime="11/09/2020 17:43:23" Channel="LSE" Desc="Optical" RotSpeed="151.7" RotSpeedU="rpm" />
<ROW  _RTime="30077.440" _ATime="11/09/2020 17:43:23" Channel="Plugin" Desc="Druck" Pressure="99.52600" PressureU="kPa_a"  />
<ROW  _RTime="31000.000" _ATime="11/09/2020 17:43:24" Channel="LSE" Desc="Optical" RotSpeed="151.3" RotSpeedU="rpm" />
<ROW  _RTime="31188.480" _ATime="11/09/2020 17:43:24" Channel="Plugin" Desc="Druck" Pressure="99.52500" PressureU="kPa_a"  />
<ROW  _RTime="32000.000" _ATime="11/09/2020 17:43:25" Channel="LSE" Desc="Optical" RotSpeed="151.3" RotSpeedU="rpm" />
<ROW  _RTime="32220.160" _ATime="11/09/2020 17:43:25" Channel="Plugin" Desc="Druck" Pressure="99.52660" PressureU="kPa_a"  />
<ROW  _RTime="33000.000" _ATime="11/09/2020 17:43:26" Channel="LSE" Desc="Optical" RotSpeed="0.0" RotSpeedU="rpm" />
<ROW  _RTime="33172.480" _ATime="11/09/2020 17:43:26" Channel="Plugin" Desc="Druck" Pressure="99.52220" PressureU="kPa_a"  />
</ROWDATA>
